<?xml version="1.0" encoding="UTF-8"?><rss version="2.0"
	xmlns:content="http://purl.org/rss/1.0/modules/content/"
	xmlns:dc="http://purl.org/dc/elements/1.1/"
	xmlns:atom="http://www.w3.org/2005/Atom"
	xmlns:sy="http://purl.org/rss/1.0/modules/syndication/"
	
	>
<channel>
	<title>
	Comments on: Yankees girlfriend Taja Abitbol denies setting fire for ‘RHONY’ bid	</title>
	<atom:link href="https://bollycontent.uk/yankees-girlfriend-taja-abitbol-denies-setting-fire-for-rhony-bid/feed/" rel="self" type="application/rss+xml" />
	<link>https://bollycontent.uk/yankees-girlfriend-taja-abitbol-denies-setting-fire-for-rhony-bid/</link>
	<description>News Around the world</description>
	<lastBuildDate>Tue, 12 Jul 2022 16:27:07 +0000</lastBuildDate>
	<sy:updatePeriod>
	hourly	</sy:updatePeriod>
	<sy:updateFrequency>
	1	</sy:updateFrequency>
	<generator>https://wordpress.org/?v=6.0.2</generator>
</channel>
</rss>
