<?xml version="1.0" encoding="UTF-8"?><rss version="2.0"
	xmlns:content="http://purl.org/rss/1.0/modules/content/"
	xmlns:dc="http://purl.org/dc/elements/1.1/"
	xmlns:atom="http://www.w3.org/2005/Atom"
	xmlns:sy="http://purl.org/rss/1.0/modules/syndication/"
	
	>
<channel>
	<title>
	Comments on: Your makeup brushes are filthy — here’s how often you should wash them	</title>
	<atom:link href="https://bollycontent.uk/your-makeup-brushes-are-filthy-heres-how-often-you-should-wash-them/feed/" rel="self" type="application/rss+xml" />
	<link>https://bollycontent.uk/your-makeup-brushes-are-filthy-heres-how-often-you-should-wash-them/</link>
	<description>News Around the world</description>
	<lastBuildDate>Thu, 01 Sep 2022 08:54:08 +0000</lastBuildDate>
	<sy:updatePeriod>
	hourly	</sy:updatePeriod>
	<sy:updateFrequency>
	1	</sy:updateFrequency>
	<generator>https://wordpress.org/?v=6.0.2</generator>
</channel>
</rss>
