<?xml version="1.0" encoding="UTF-8"?><rss version="2.0"
	xmlns:content="http://purl.org/rss/1.0/modules/content/"
	xmlns:dc="http://purl.org/dc/elements/1.1/"
	xmlns:atom="http://www.w3.org/2005/Atom"
	xmlns:sy="http://purl.org/rss/1.0/modules/syndication/"
	
	>
<channel>
	<title>
	Comments on: Wynonna Judd on ‘the pain’ of losing mom Naomi: ‘I feel so helpless’	</title>
	<atom:link href="https://bollycontent.uk/wynonna-judd-on-the-pain-of-losing-mom-naomi-i-feel-so-helpless/feed/" rel="self" type="application/rss+xml" />
	<link>https://bollycontent.uk/wynonna-judd-on-the-pain-of-losing-mom-naomi-i-feel-so-helpless/</link>
	<description>News Around the world</description>
	<lastBuildDate>Tue, 31 May 2022 12:11:26 +0000</lastBuildDate>
	<sy:updatePeriod>
	hourly	</sy:updatePeriod>
	<sy:updateFrequency>
	1	</sy:updateFrequency>
	<generator>https://wordpress.org/?v=6.0.2</generator>
</channel>
</rss>
