<?xml version="1.0" encoding="UTF-8"?><rss version="2.0"
	xmlns:content="http://purl.org/rss/1.0/modules/content/"
	xmlns:dc="http://purl.org/dc/elements/1.1/"
	xmlns:atom="http://www.w3.org/2005/Atom"
	xmlns:sy="http://purl.org/rss/1.0/modules/syndication/"
	
	>
<channel>
	<title>
	Comments on: You can sell items in the metaverse — but Meta will keep a nearly 50% cut	</title>
	<atom:link href="https://bollycontent.uk/you-can-sell-items-in-the-metaverse-but-meta-will-keep-a-nearly-50-cut/feed/" rel="self" type="application/rss+xml" />
	<link>https://bollycontent.uk/you-can-sell-items-in-the-metaverse-but-meta-will-keep-a-nearly-50-cut/</link>
	<description>News Around the world</description>
	<lastBuildDate>Sat, 16 Apr 2022 07:53:11 +0000</lastBuildDate>
	<sy:updatePeriod>
	hourly	</sy:updatePeriod>
	<sy:updateFrequency>
	1	</sy:updateFrequency>
	<generator>https://wordpress.org/?v=6.0.2</generator>
</channel>
</rss>
