<?xml version="1.0" encoding="UTF-8"?><rss version="2.0"
	xmlns:content="http://purl.org/rss/1.0/modules/content/"
	xmlns:dc="http://purl.org/dc/elements/1.1/"
	xmlns:atom="http://www.w3.org/2005/Atom"
	xmlns:sy="http://purl.org/rss/1.0/modules/syndication/"
	
	>
<channel>
	<title>
	Comments on: Your iPhone has 10 Harry Potter spells that turn it into a magical wand	</title>
	<atom:link href="https://bollycontent.uk/your-iphone-has-10-harry-potter-spells-that-turn-it-into-a-magical-wand/feed/" rel="self" type="application/rss+xml" />
	<link>https://bollycontent.uk/your-iphone-has-10-harry-potter-spells-that-turn-it-into-a-magical-wand/</link>
	<description>News Around the world</description>
	<lastBuildDate>Fri, 08 Apr 2022 15:01:02 +0000</lastBuildDate>
	<sy:updatePeriod>
	hourly	</sy:updatePeriod>
	<sy:updateFrequency>
	1	</sy:updateFrequency>
	<generator>https://wordpress.org/?v=6.0.2</generator>
</channel>
</rss>
