<?xml version="1.0" encoding="UTF-8"?><rss version="2.0"
	xmlns:content="http://purl.org/rss/1.0/modules/content/"
	xmlns:dc="http://purl.org/dc/elements/1.1/"
	xmlns:atom="http://www.w3.org/2005/Atom"
	xmlns:sy="http://purl.org/rss/1.0/modules/syndication/"
	
	>
<channel>
	<title>
	Comments on: You can take a college course in Harry Styles’ ‘masculinity’	</title>
	<atom:link href="https://bollycontent.uk/you-can-take-a-college-course-in-harry-styles-masculinity/feed/" rel="self" type="application/rss+xml" />
	<link>https://bollycontent.uk/you-can-take-a-college-course-in-harry-styles-masculinity/</link>
	<description>News Around the world</description>
	<lastBuildDate>Sun, 07 Aug 2022 23:21:02 +0000</lastBuildDate>
	<sy:updatePeriod>
	hourly	</sy:updatePeriod>
	<sy:updateFrequency>
	1	</sy:updateFrequency>
	<generator>https://wordpress.org/?v=6.0.2</generator>
</channel>
</rss>
