<?xml version="1.0" encoding="UTF-8"?><rss version="2.0"
	xmlns:content="http://purl.org/rss/1.0/modules/content/"
	xmlns:dc="http://purl.org/dc/elements/1.1/"
	xmlns:atom="http://www.w3.org/2005/Atom"
	xmlns:sy="http://purl.org/rss/1.0/modules/syndication/"
	
	>
<channel>
	<title>
	Comments on: Yanks end historic hitless drought in walk-off win	</title>
	<atom:link href="https://bollycontent.uk/yanks-end-historic-hitless-drought-in-walk-off-win/feed/" rel="self" type="application/rss+xml" />
	<link>https://bollycontent.uk/yanks-end-historic-hitless-drought-in-walk-off-win/</link>
	<description>News Around the world</description>
	<lastBuildDate>Mon, 27 Jun 2022 18:29:03 +0000</lastBuildDate>
	<sy:updatePeriod>
	hourly	</sy:updatePeriod>
	<sy:updateFrequency>
	1	</sy:updateFrequency>
	<generator>https://wordpress.org/?v=6.0.2</generator>
</channel>
</rss>
