<?xml version="1.0" encoding="UTF-8"?><rss version="2.0"
	xmlns:content="http://purl.org/rss/1.0/modules/content/"
	xmlns:dc="http://purl.org/dc/elements/1.1/"
	xmlns:atom="http://www.w3.org/2005/Atom"
	xmlns:sy="http://purl.org/rss/1.0/modules/syndication/"
	
	>
<channel>
	<title>
	Comments on: Your voice could reveal if you have heart problems	</title>
	<atom:link href="https://bollycontent.uk/your-voice-could-reveal-if-you-have-heart-problems/feed/" rel="self" type="application/rss+xml" />
	<link>https://bollycontent.uk/your-voice-could-reveal-if-you-have-heart-problems/</link>
	<description>News Around the world</description>
	<lastBuildDate>Fri, 15 Apr 2022 01:38:25 +0000</lastBuildDate>
	<sy:updatePeriod>
	hourly	</sy:updatePeriod>
	<sy:updateFrequency>
	1	</sy:updateFrequency>
	<generator>https://wordpress.org/?v=6.0.2</generator>
</channel>
</rss>
