<?xml version="1.0" encoding="UTF-8"?><rss version="2.0"
	xmlns:content="http://purl.org/rss/1.0/modules/content/"
	xmlns:dc="http://purl.org/dc/elements/1.1/"
	xmlns:atom="http://www.w3.org/2005/Atom"
	xmlns:sy="http://purl.org/rss/1.0/modules/syndication/"
	
	>
<channel>
	<title>
	Comments on: Zhou feared being stuck in a burning car	</title>
	<atom:link href="https://bollycontent.uk/zhou-feared-being-stuck-in-a-burning-car/feed/" rel="self" type="application/rss+xml" />
	<link>https://bollycontent.uk/zhou-feared-being-stuck-in-a-burning-car/</link>
	<description>News Around the world</description>
	<lastBuildDate>Fri, 08 Jul 2022 04:37:51 +0000</lastBuildDate>
	<sy:updatePeriod>
	hourly	</sy:updatePeriod>
	<sy:updateFrequency>
	1	</sy:updateFrequency>
	<generator>https://wordpress.org/?v=6.0.2</generator>
</channel>
</rss>
