<?xml version="1.0" encoding="UTF-8"?><rss version="2.0"
	xmlns:content="http://purl.org/rss/1.0/modules/content/"
	xmlns:dc="http://purl.org/dc/elements/1.1/"
	xmlns:atom="http://www.w3.org/2005/Atom"
	xmlns:sy="http://purl.org/rss/1.0/modules/syndication/"
	
	>
<channel>
	<title>
	Comments on: X factors, predictions for Saturday&#8217;s NHL Game 7s	</title>
	<atom:link href="https://bollycontent.uk/x-factors-predictions-for-saturdays-nhl-game-7s/feed/" rel="self" type="application/rss+xml" />
	<link>https://bollycontent.uk/x-factors-predictions-for-saturdays-nhl-game-7s/</link>
	<description>News Around the world</description>
	<lastBuildDate>Sun, 15 May 2022 03:26:06 +0000</lastBuildDate>
	<sy:updatePeriod>
	hourly	</sy:updatePeriod>
	<sy:updateFrequency>
	1	</sy:updateFrequency>
	<generator>https://wordpress.org/?v=6.0.2</generator>
</channel>
</rss>
