<?xml version="1.0" encoding="UTF-8"?><rss version="2.0"
	xmlns:content="http://purl.org/rss/1.0/modules/content/"
	xmlns:dc="http://purl.org/dc/elements/1.1/"
	xmlns:atom="http://www.w3.org/2005/Atom"
	xmlns:sy="http://purl.org/rss/1.0/modules/syndication/"
	
	>
<channel>
	<title>
	Comments on: Yumi Nu ‘shaking’ over SI Swimsuit cover reveal	</title>
	<atom:link href="https://bollycontent.uk/yumi-nu-shaking-over-si-swimsuit-cover-reveal/feed/" rel="self" type="application/rss+xml" />
	<link>https://bollycontent.uk/yumi-nu-shaking-over-si-swimsuit-cover-reveal/</link>
	<description>News Around the world</description>
	<lastBuildDate>Tue, 17 May 2022 02:37:51 +0000</lastBuildDate>
	<sy:updatePeriod>
	hourly	</sy:updatePeriod>
	<sy:updateFrequency>
	1	</sy:updateFrequency>
	<generator>https://wordpress.org/?v=6.0.2</generator>
</channel>
</rss>
